,Country,Lat,Long
3,Lithuania,54.6872,25.2797
2,Hungary,47.4979,19.0402
0,Greece,37.9838,23.7275
1,Romania,44.4268,26.1025
6,Finland,60.1699,24.9384
11,Denmark,55.6761,12.5683
10,Sweden,59.3293,18.0686
7,Poland,52.2297,21.0122
9,Netherlands,52.3676,4.9041
5,Spain,40.4168,-3.7038
12,Italy,41.9028,12.4964
4,France,48.8566,2.3522
13,United Kingdom,51.5074,-0.1278
8,Germany,52.52,13.405
