Country,GDP
Germany,3780.553
United Kingdom,2638.296
France,2551.451
Italy,1848.222
Spain,1247.464
Netherlands,886.339
Poland,580.894
Sweden,529.054
Denmark,339.626
Finland,267.856
Romania,248.624
Greece,194.376
Hungary,149.939
Lithuania,55.064
